Pepe;Villaraman;867g;pepe@educa.jcyl.es;1234;profesor
Laura;Pozzuelo;111;1@educa.jcyl.es;1234;profesor
Carolina;Lacon;222d;2@educa.jcyl.es;1234;profesor
Asturia;Pepino;30u;1@educa.jcyl.es;1234;profesor
Maria;Villaraman;324w;eysd@educa.jcyl.es;1234;profesor
Pepe;Villaraman;854t;ud3@educa.jcyl.es;1234;profesor
Harry;Candabo;678y;sdhfw3@educa.jcyl.es;1234;profesor
Pepe;Villaraman;18i;1sdfea@educa.jcyl.es;1234;profesor
Hans;Pepe;900u;asd3@educa.jcyl.es;1234;profesor
Pepe;Morty;77p;1ndea@educa.jcyl.es;1234;profesor
