Pepe;Villaraman;867;pepe@educa.jcyl.es;1234;profesor
Laura;Pozzuelo;111;1@educa.jcyl.es;1234;profesor
Carolina;Lacon;222;2@educa.jcyl.es;1234;profesor
Asturia;Pepino;333;1@educa.jcyl.es;1234;profesor
Maria;Villaraman;324;eysd@educa.jcyl.es;1234;profesor
Pepe;Villaraman;454;ud3@educa.jcyl.es;1234;profesor
Harry;Candabo;678;sdhfw3@educa.jcyl.es;1234;profesor
Pepe;Villaraman;187;1sdfea@educa.jcyl.es;1234;profesor
Hans;Pepe;900;asd3@educa.jcyl.es;1234;profesor
Pepe;Morty;777;1ndea@educa.jcyl.es;1234;profesor
